0.33799,0.33799,15,10,10,11,11,11,15,15,15,5,5,14,9,8,15,10,9,9,8,7,8,7,6,6,10,15,15,15,15,15,15,25,25,25,4,4,24,24,21,16,24,24,8,4,5,3,3,7,3,3,3,1,1,1,10,10,10,4,4,4,2,6,6,1,6,6,17,22,17,22,17,17,3,1,3,1,1,1,24,24,24,24,24,24
1,1,53,69,63,15,9,54,73,67,68,23,20,45,55,60,72,51,18,52,27,41,24,37,6,33,32,13,49,64,29,61,17,74,75,8,19,47,76,77,2,11,78,79,28,42,65,34,70,14,31,71,57,21,50,36,58,38,1,56,62,22,59,43,12,26,46,30,25,16,3,5,48,40,7,35,44,66,39,10,80,81,82,83,84,4
1,1,47,64,21,20,17,16,61,35,68,15,39,9,32,2,73,66,43,18,34,25,26,57,44,19,46,23,22,41,14,71,60,75,10,74,36,42,76,77,7,6,78,79,53,52,55,72,67,28,13,54,31,65,63,40,69,50,48,45,33,58,30,29,37,4,70,24,27,3,49,12,5,8,51,11,38,56,59,62,80,81,82,83,84,1
0.33784,0.33784,23,17,17,1,1,1,23,23,23,13,13,17,18,14,23,17,18,18,14,8,14,8,2,2,17,23,17,23,23,23,23,20,20,20,10,5,25,25,21,16,25,25,14,5,13,9,9,4,9,9,9,3,3,3,17,17,17,5,5,5,7,2,2,3,2,2,11,16,11,16,11,11,9,3,9,3,3,3,25,25,25,25,25,25
1,1,46,62,43,18,37,11,61,57,70,35,29,47,54,69,73,63,39,34,26,56,12,20,19,33,5,41,45,72,27,66,52,9,75,74,24,17,76,77,4,2,78,79,50,67,58,31,14,16,68,55,51,65,60,8,64,59,21,53,1,71,13,38,22,48,28,23,6,10,15,7,30,25,49,44,40,42,36,32,80,81,82,83,84,3
1,1,4,60,38,48,6,62,43,37,39,17,27,63,14,13,33,42,70,9,71,11,24,49,61,26,58,55,44,8,74,73,67,66,15,75,21,45,76,77,7,5,78,79,72,54,64,36,65,32,35,23,16,53,25,3,12,30,22,57,46,40,28,69,56,68,47,29,41,34,19,10,1,18,20,59,52,50,51,31,80,81,82,83,84,2
4,60,38,48,6,62,43,37,39,17,27,63,14,13,33,42,70,9,71,11,24,49,61,26,58,55,44,8,74,73,67,66,15,75,21,45,76,77,7,5,78,79,72,54,64,36,65,32,35,23,16,53,25,3,12,30,22,57,46,40,28,69,56,68,47,29,41,34,19,10,1,18,20,59,52,50,51,31,80,81,82,83,84,2
0.35327,0.35327,10,5,5,12,11,11,10,10,10,14,14,5,9,8,10,5,9,9,8,7,8,7,6,2,5,10,10,10,10,10,10,20,20,20,4,4,24,24,21,16,24,24,8,4,14,3,3,7,3,3,3,13,1,1,5,5,5,4,4,4,2,2,2,13,2,2,17,22,17,22,17,17,3,1,3,13,1,13,24,24,24,24,24,24
1,1,39,41,14,21,11,23,73,60,71,44,65,12,32,26,68,62,30,47,16,40,50,38,22,31,56,72,55,5,59,37,67,75,10,74,33,9,76,77,2,6,78,79,58,20,25,52,64,1,13,35,54,27,69,61,45,49,57,66,53,70,43,17,48,42,29,46,3,18,28,7,15,19,36,8,63,24,51,34,80,81,82,83,84,4
1,1,62,46,10,33,49,12,57,27,9,59,51,43,14,13,67,60,17,19,68,45,2,72,52,40,42,34,65,74,73,71,56,75,70,1,39,21,76,77,4,8,78,79,48,35,44,55,26,3,66,25,41,31,69,54,50,30,32,28,11,29,20,58,5,64,53,63,7,22,18,6,47,23,36,37,24,38,16,61,80,81,82,83,84,15
0.33118,0.33118,10,5,5,12,11,11,10,10,10,8,9,5,9,8,10,5,9,9,8,13,8,13,6,6,5,10,10,10,10,10,10,19,19,19,4,4,25,25,21,16,25,25,8,4,9,3,3,7,3,3,3,1,1,1,5,5,5,4,4,4,2,6,6,1,6,6,23,22,23,22,23,23,3,1,3,1,1,1,25,25,25,25,25,25
1,1,46,49,27,23,13,37,22,62,68,50,69,52,33,72,61,21,47,67,24,19,16,64,3,39,15,57,1,18,65,70,73,74,4,75,36,25,76,77,8,9,78,79,34,71,11,41,60,31,26,59,45,56,63,55,35,44,66,48,58,38,14,30,54,20,53,28,32,12,7,2,51,17,29,40,6,42,10,43,80,81,82,83,84,5
1,1,46,60,24,40,13,7,73,44,6,45,36,55,18,70,31,72,58,49,8,47,34,53,59,22,66,16,32,67,57,69,52,74,75,5,30,14,76,77,10,4,78,79,61,11,19,64,1,26,68,54,23,29,20,25,56,50,3,62,63,35,21,65,42,51,71,15,37,2,9,28,48,43,41,33,38,27,39,12,80,81,82,83,84,17
NaN,NaN,46,60,24,40,13,7,73,44,6,45,36,55,18,70,31,72,58,49,8,47,34,53,59,22,66,16,32,67,57,69,52,74,75,5,30,14,76,77,10,4,78,79,61,11,19,64,1,26,68,54,23,29,20,25,56,50,3,62,63,35,21,65,42,51,71,15,37,2,9,28,48,43,41,33,38,27,39,12,80,81,82,83,84,17
NaN,NaN,46,60,24,40,13,7,73,44,6,45,36,55,18,70,31,72,58,49,8,47,34,53,59,22,66,16,32,67,57,69,52,74,75,5,30,14,76,77,10,4,78,79,61,11,19,64,1,26,68,54,23,29,20,25,56,50,3,62,63,35,21,65,42,51,71,15,37,2,9,28,48,43,41,33,38,27,39,12,80,81,82,83,84,17
1,1,1,2,3,4,5,6,7,8,9,10,11,12,13,14,15,16,17,18,19,20,21,22,23,24,25,26,27,28,29,30,31,32,33,34,35,36,37,38,39,40,41,42,43,44,45,46,47,48,49,50,51,52,53,54,55,56,57,58,59,60,61,62,63,64,65,66,67,68,69,70,71,72,73,74,75,76,77,78,79,80,81,82,83,84
1,1,1,2,3,4,5,6,7,8,9,10,11,12,13,14,15,16,17,18,19,20,21,22,23,24,25,26,27,28,29,30,31,32,33,34,35,36,37,38,39,40,41,42,43,44,45,46,47,48,49,50,51,52,53,54,55,56,57,58,59,60,61,62,63,64,65,66,67,68,69,70,71,72,73,74,75,76,77,78,79,80,81,82,83,84
1,1,1,2,3,4,5,6,7,8,9,10,11,12,13,14,15,16,17,18,19,20,21,22,23,24,25,26,27,28,29,30,31,32,33,34,35,36,37,38,39,40,41,42,43,44,45,46,47,48,49,50,51,52,53,54,55,56,57,58,59,60,61,62,63,64,65,66,67,68,69,70,71,72,73,74,75,76,77,78,79,80,81,82,83,84
1,1,1,2,3,4,5,6,7,8,9,10,11,12,13,14,15,16,17,18,19,20,21,22,23,24,25,26,27,28,29,30,31,32,33,34,35,36,37,38,39,40,41,42,43,44,45,46,47,48,49,50,51,52,53,54,55,56,57,58,59,60,61,62,63,64,65,66,67,68,69,70,71,72,73,74,75,76,77,78,79,80,81,82,83,84
1,1,1,2,3,4,5,6,7,8,9,10,11,12,13,14,15,16,17,18,19,20,21,22,23,24,25,26,27,28,29,30,31,32,33,34,35,36,37,38,39,40,41,42,43,44,45,46,47,48,49,50,51,52,53,54,55,56,57,58,59,60,61,62,63,64,65,66,67,68,69,70,71,72,73,74,75,76,77,78,79,80,81,82,83,84
1,1,1,2,3,4,5,6,7,8,9,10,11,12,13,14,15,16,17,18,19,20,21,22,23,24,25,26,27,28,29,30,31,32,33,34,35,36,37,38,39,40,41,42,43,44,45,46,47,48,49,50,51,52,53,54,55,56,57,58,59,60,61,62,63,64,65,66,67,68,69,70,71,72,73,74,75,76,77,78,79,80,81,82,83,84
1,1,1,2,3,4,5,6,7,8,9,10,11,12,13,14,15,16,17,18,19,20,21,22,23,24,25,26,27,28,29,30,31,32,33,34,35,36,37,38,39,40,41,42,43,44,45,46,47,48,49,50,51,52,53,54,55,56,57,58,59,60,61,62,63,64,65,66,67,68,69,70,71,72,73,74,75,76,77,78,79,80,81,82,83,84
1,1,1,2,3,4,5,6,7,8,9,10,11,12,13,14,15,16,17,18,19,20,21,22,23,24,25,26,27,28,29,30,31,32,33,34,35,36,37,38,39,40,41,42,43,44,45,46,47,48,49,50,51,52,53,54,55,56,57,58,59,60,61,62,63,64,65,66,67,68,69,70,71,72,73,74,75,76,77,78,79,80,81,82,83,84
1,1,1,2,3,4,5,6,7,8,9,10,11,12,13,14,15,16,17,18,19,20,21,22,23,24,25,26,27,28,29,30,31,32,33,34,35,36,37,38,39,40,41,42,43,44,45,46,47,48,49,50,51,52,53,54,55,56,57,58,59,60,61,62,63,64,65,66,67,68,69,70,71,72,73,74,75,76,77,78,79,80,81,82,83,84
1,1,1,2,3,4,5,6,7,8,9,10,11,12,13,14,15,16,17,18,19,20,21,22,23,24,25,26,27,28,29,30,31,32,33,34,35,36,37,38,39,40,41,42,43,44,45,46,47,48,49,50,51,52,53,54,55,56,57,58,59,60,61,62,63,64,65,66,67,68,69,70,71,72,73,74,75,76,77,78,79,80,81,82,83,84
1,1,1,2,3,4,5,6,7,8,9,10,11,12,13,14,15,16,17,18,19,20,21,22,23,24,25,26,27,28,29,30,31,32,33,34,35,36,37,38,39,40,41,42,43,44,45,46,47,48,49,50,51,52,53,54,55,56,57,58,59,60,61,62,63,64,65,66,67,68,69,70,71,72,73,74,75,76,77,78,79,80,81,82,83,84
1,1,1,2,3,4,5,6,7,8,9,10,11,12,13,14,15,16,17,18,19,20,21,22,23,24,25,26,27,28,29,30,31,32,33,34,35,36,37,38,39,40,41,42,43,44,45,46,47,48,49,50,51,52,53,54,55,56,57,58,59,60,61,62,63,64,65,66,67,68,69,70,71,72,73,74,75,76,77,78,79,80,81,82,83,84
1,1,1,2,3,4,5,6,7,8,9,10,11,12,13,14,15,16,17,18,19,20,21,22,23,24,25,26,27,28,29,30,31,32,33,34,35,36,37,38,39,40,41,42,43,44,45,46,47,48,49,50,51,52,53,54,55,56,57,58,59,60,61,62,63,64,65,66,67,68,69,70,71,72,73,74,75,76,77,78,79,80,81,82,83,84
1,1,1,2,3,4,5,6,7,8,9,10,11,12,13,14,15,16,17,18,19,20,21,22,23,24,25,26,27,28,29,30,31,32,33,34,35,36,37,38,39,40,41,42,43,44,45,46,47,48,49,50,51,52,53,54,55,56,57,58,59,60,61,62,63,64,65,66,67,68,69,70,71,72,73,74,75,76,77,78,79,80,81,82,83,84
1,1,1,2,3,4,5,6,7,8,9,10,11,12,13,14,15,16,17,18,19,20,21,22,23,24,25,26,27,28,29,30,31,32,33,34,35,36,37,38,39,40,41,42,43,44,45,46,47,48,49,50,51,52,53,54,55,56,57,58,59,60,61,62,63,64,65,66,67,68,69,70,71,72,73,74,75,76,77,78,79,80,81,82,83,84
1,1,1,2,3,4,5,6,7,8,9,10,11,12,13,14,15,16,17,18,19,20,21,22,23,24,25,26,27,28,29,30,31,32,33,34,35,36,37,38,39,40,41,42,43,44,45,46,47,48,49,50,51,52,53,54,55,56,57,58,59,60,61,62,63,64,65,66,67,68,69,70,71,72,73,74,75,76,77,78,79,80,81,82,83,84
1,1,1,2,3,4,5,6,7,8,9,10,11,12,13,14,15,16,17,18,19,20,21,22,23,24,25,26,27,28,29,30,31,32,33,34,35,36,37,38,39,40,41,42,43,44,45,46,47,48,49,50,51,52,53,54,55,56,57,58,59,60,61,62,63,64,65,66,67,68,69,70,71,72,73,74,75,76,77,78,79,80,81,82,83,84
1,1,1,2,3,4,5,6,7,8,9,10,11,12,13,14,15,16,17,18,19,20,21,22,23,24,25,26,27,28,29,30,31,32,33,34,35,36,37,38,39,40,41,42,43,44,45,46,47,48,49,50,51,52,53,54,55,56,57,58,59,60,61,62,63,64,65,66,67,68,69,70,71,72,73,74,75,76,77,78,79,80,81,82,83,84
1,1,1,2,3,4,5,6,7,8,9,10,11,12,13,14,15,16,17,18,19,20,21,22,23,24,25,26,27,28,29,30,31,32,33,34,35,36,37,38,39,40,41,42,43,44,45,46,47,48,49,50,51,52,53,54,55,56,57,58,59,60,61,62,63,64,65,66,67,68,69,70,71,72,73,74,75,76,77,78,79,80,81,82,83,84
1,1,1,2,3,4,5,6,7,8,9,10,11,12,13,14,15,16,17,18,19,20,21,22,23,24,25,26,27,28,29,30,31,32,33,34,35,36,37,38,39,40,41,42,43,44,45,46,47,48,49,50,51,52,53,54,55,56,57,58,59,60,61,62,63,64,65,66,67,68,69,70,71,72,73,74,75,76,77,78,79,80,81,82,83,84
1,1,1,2,3,4,5,6,7,8,9,10,11,12,13,14,15,16,17,18,19,20,21,22,23,24,25,26,27,28,29,30,31,32,33,34,35,36,37,38,39,40,41,42,43,44,45,46,47,48,49,50,51,52,53,54,55,56,57,58,59,60,61,62,63,64,65,66,67,68,69,70,71,72,73,74,75,76,77,78,79,80,81,82,83,84
1,1,1,2,3,4,5,6,7,8,9,10,11,12,13,14,15,16,17,18,19,20,21,22,23,24,25,26,27,28,29,30,31,32,33,34,35,36,37,38,39,40,41,42,43,44,45,46,47,48,49,50,51,52,53,54,55,56,57,58,59,60,61,62,63,64,65,66,67,68,69,70,71,72,73,74,75,76,77,78,79,80,81,82,83,84
1,1,1,2,3,4,5,6,7,8,9,10,11,12,13,14,15,16,17,18,19,20,21,22,23,24,25,26,27,28,29,30,31,32,33,34,35,36,37,38,39,40,41,42,43,44,45,46,47,48,49,50,51,52,53,54,55,56,57,58,59,60,61,62,63,64,65,66,67,68,69,70,71,72,73,74,75,76,77,78,79,80,81,82,83,84
1,1,1,2,3,4,5,6,7,8,9,10,11,12,13,14,15,16,17,18,19,20,21,22,23,24,25,26,27,28,29,30,31,32,33,34,35,36,37,38,39,40,41,42,43,44,45,46,47,48,49,50,51,52,53,54,55,56,57,58,59,60,61,62,63,64,65,66,67,68,69,70,71,72,73,74,75,76,77,78,79,80,81,82,83,84
1,1,1,2,3,4,5,6,7,8,9,10,11,12,13,14,15,16,17,18,19,20,21,22,23,24,25,26,27,28,29,30,31,32,33,34,35,36,37,38,39,40,41,42,43,44,45,46,47,48,49,50,51,52,53,54,55,56,57,58,59,60,61,62,63,64,65,66,67,68,69,70,71,72,73,74,75,76,77,78,79,80,81,82,83,84
1,1,1,2,3,4,5,6,7,8,9,10,11,12,13,14,15,16,17,18,19,20,21,22,23,24,25,26,27,28,29,30,31,32,33,34,35,36,37,38,39,40,41,42,43,44,45,46,47,48,49,50,51,52,53,54,55,56,57,58,59,60,61,62,63,64,65,66,67,68,69,70,71,72,73,74,75,76,77,78,79,80,81,82,83,84
1,1,1,2,3,4,5,6,7,8,9,10,11,12,13,14,15,16,17,18,19,20,21,22,23,24,25,26,27,28,29,30,31,32,33,34,35,36,37,38,39,40,41,42,43,44,45,46,47,48,49,50,51,52,53,54,55,56,57,58,59,60,61,62,63,64,65,66,67,68,69,70,71,72,73,74,75,76,77,78,79,80,81,82,83,84
1,1,1,2,3,4,5,6,7,8,9,10,11,12,13,14,15,16,17,18,19,20,21,22,23,24,25,26,27,28,29,30,31,32,33,34,35,36,37,38,39,40,41,42,43,44,45,46,47,48,49,50,51,52,53,54,55,56,57,58,59,60,61,62,63,64,65,66,67,68,69,70,71,72,73,74,75,76,77,78,79,80,81,82,83,84
1,1,1,2,3,4,5,6,7,8,9,10,11,12,13,14,15,16,17,18,19,20,21,22,23,24,25,26,27,28,29,30,31,32,33,34,35,36,37,38,39,40,41,42,43,44,45,46,47,48,49,50,51,52,53,54,55,56,57,58,59,60,61,62,63,64,65,66,67,68,69,70,71,72,73,74,75,76,77,78,79,80,81,82,83,84
1,1,1,2,3,4,5,6,7,8,9,10,11,12,13,14,15,16,17,18,19,20,21,22,23,24,25,26,27,28,29,30,31,32,33,34,35,36,37,38,39,40,41,42,43,44,45,46,47,48,49,50,51,52,53,54,55,56,57,58,59,60,61,62,63,64,65,66,67,68,69,70,71,72,73,74,75,76,77,78,79,80,81,82,83,84
1,1,1,2,3,4,5,6,7,8,9,10,11,12,13,14,15,16,17,18,19,20,21,22,23,24,25,26,27,28,29,30,31,32,33,34,35,36,37,38,39,40,41,42,43,44,45,46,47,48,49,50,51,52,53,54,55,56,57,58,59,60,61,62,63,64,65,66,67,68,69,70,71,72,73,74,75,76,77,78,79,80,81,82,83,84
1,1,1,2,3,4,5,6,7,8,9,10,11,12,13,14,15,16,17,18,19,20,21,22,23,24,25,26,27,28,29,30,31,32,33,34,35,36,37,38,39,40,41,42,43,44,45,46,47,48,49,50,51,52,53,54,55,56,57,58,59,60,61,62,63,64,65,66,67,68,69,70,71,72,73,74,75,76,77,78,79,80,81,82,83,84
1,1,1,2,3,4,5,6,7,8,9,10,11,12,13,14,15,16,17,18,19,20,21,22,23,24,25,26,27,28,29,30,31,32,33,34,35,36,37,38,39,40,41,42,43,44,45,46,47,48,49,50,51,52,53,54,55,56,57,58,59,60,61,62,63,64,65,66,67,68,69,70,71,72,73,74,75,76,77,78,79,80,81,82,83,84
1,1,1,2,3,4,5,6,7,8,9,10,11,12,13,14,15,16,17,18,19,20,21,22,23,24,25,26,27,28,29,30,31,32,33,34,35,36,37,38,39,40,41,42,43,44,45,46,47,48,49,50,51,52,53,54,55,56,57,58,59,60,61,62,63,64,65,66,67,68,69,70,71,72,73,74,75,76,77,78,79,80,81,82,83,84
1,1,1,2,3,4,5,6,7,8,9,10,11,12,13,14,15,16,17,18,19,20,21,22,23,24,25,26,27,28,29,30,31,32,33,34,35,36,37,38,39,40,41,42,43,44,45,46,47,48,49,50,51,52,53,54,55,56,57,58,59,60,61,62,63,64,65,66,67,68,69,70,71,72,73,74,75,76,77,78,79,80,81,82,83,84
1,1,1,2,3,4,5,6,7,8,9,10,11,12,13,14,15,16,17,18,19,20,21,22,23,24,25,26,27,28,29,30,31,32,33,34,35,36,37,38,39,40,41,42,43,44,45,46,47,48,49,50,51,52,53,54,55,56,57,58,59,60,61,62,63,64,65,66,67,68,69,70,71,72,73,74,75,76,77,78,79,80,81,82,83,84
1,1,1,2,3,4,5,6,7,8,9,10,11,12,13,14,15,16,17,18,19,20,21,22,23,24,25,26,27,28,29,30,31,32,33,34,35,36,37,38,39,40,41,42,43,44,45,46,47,48,49,50,51,52,53,54,55,56,57,58,59,60,61,62,63,64,65,66,67,68,69,70,71,72,73,74,75,76,77,78,79,80,81,82,83,84
1,1,1,2,3,4,5,6,7,8,9,10,11,12,13,14,15,16,17,18,19,20,21,22,23,24,25,26,27,28,29,30,31,32,33,34,35,36,37,38,39,40,41,42,43,44,45,46,47,48,49,50,51,52,53,54,55,56,57,58,59,60,61,62,63,64,65,66,67,68,69,70,71,72,73,74,75,76,77,78,79,80,81,82,83,84
1,1,1,2,3,4,5,6,7,8,9,10,11,12,13,14,15,16,17,18,19,20,21,22,23,24,25,26,27,28,29,30,31,32,33,34,35,36,37,38,39,40,41,42,43,44,45,46,47,48,49,50,51,52,53,54,55,56,57,58,59,60,61,62,63,64,65,66,67,68,69,70,71,72,73,74,75,76,77,78,79,80,81,82,83,84
1,1,1,2,3,4,5,6,7,8,9,10,11,12,13,14,15,16,17,18,19,20,21,22,23,24,25,26,27,28,29,30,31,32,33,34,35,36,37,38,39,40,41,42,43,44,45,46,47,48,49,50,51,52,53,54,55,56,57,58,59,60,61,62,63,64,65,66,67,68,69,70,71,72,73,74,75,76,77,78,79,80,81,82,83,84
1,1,1,2,3,4,5,6,7,8,9,10,11,12,13,14,15,16,17,18,19,20,21,22,23,24,25,26,27,28,29,30,31,32,33,34,35,36,37,38,39,40,41,42,43,44,45,46,47,48,49,50,51,52,53,54,55,56,57,58,59,60,61,62,63,64,65,66,67,68,69,70,71,72,73,74,75,76,77,78,79,80,81,82,83,84
1,1,1,2,3,4,5,6,7,8,9,10,11,12,13,14,15,16,17,18,19,20,21,22,23,24,25,26,27,28,29,30,31,32,33,34,35,36,37,38,39,40,41,42,43,44,45,46,47,48,49,50,51,52,53,54,55,56,57,58,59,60,61,62,63,64,65,66,67,68,69,70,71,72,73,74,75,76,77,78,79,80,81,82,83,84
1,1,1,2,3,4,5,6,7,8,9,10,11,12,13,14,15,16,17,18,19,20,21,22,23,24,25,26,27,28,29,30,31,32,33,34,35,36,37,38,39,40,41,42,43,44,45,46,47,48,49,50,51,52,53,54,55,56,57,58,59,60,61,62,63,64,65,66,67,68,69,70,71,72,73,74,75,76,77,78,79,80,81,82,83,84
1,1,1,2,3,4,5,6,7,8,9,10,11,12,13,14,15,16,17,18,19,20,21,22,23,24,25,26,27,28,29,30,31,32,33,34,35,36,37,38,39,40,41,42,43,44,45,46,47,48,49,50,51,52,53,54,55,56,57,58,59,60,61,62,63,64,65,66,67,68,69,70,71,72,73,74,75,76,77,78,79,80,81,82,83,84
1,1,1,2,3,4,5,6,7,8,9,10,11,12,13,14,15,16,17,18,19,20,21,22,23,24,25,26,27,28,29,30,31,32,33,34,35,36,37,38,39,40,41,42,43,44,45,46,47,48,49,50,51,52,53,54,55,56,57,58,59,60,61,62,63,64,65,66,67,68,69,70,71,72,73,74,75,76,77,78,79,80,81,82,83,84
1,1,1,2,3,4,5,6,7,8,9,10,11,12,13,14,15,16,17,18,19,20,21,22,23,24,25,26,27,28,29,30,31,32,33,34,35,36,37,38,39,40,41,42,43,44,45,46,47,48,49,50,51,52,53,54,55,56,57,58,59,60,61,62,63,64,65,66,67,68,69,70,71,72,73,74,75,76,77,78,79,80,81,82,83,84
1,1,1,2,3,4,5,6,7,8,9,10,11,12,13,14,15,16,17,18,19,20,21,22,23,24,25,26,27,28,29,30,31,32,33,34,35,36,37,38,39,40,41,42,43,44,45,46,47,48,49,50,51,52,53,54,55,56,57,58,59,60,61,62,63,64,65,66,67,68,69,70,71,72,73,74,75,76,77,78,79,80,81,82,83,84
1,1,1,2,3,4,5,6,7,8,9,10,11,12,13,14,15,16,17,18,19,20,21,22,23,24,25,26,27,28,29,30,31,32,33,34,35,36,37,38,39,40,41,42,43,44,45,46,47,48,49,50,51,52,53,54,55,56,57,58,59,60,61,62,63,64,65,66,67,68,69,70,71,72,73,74,75,76,77,78,79,80,81,82,83,84
1,1,1,2,3,4,5,6,7,8,9,10,11,12,13,14,15,16,17,18,19,20,21,22,23,24,25,26,27,28,29,30,31,32,33,34,35,36,37,38,39,40,41,42,43,44,45,46,47,48,49,50,51,52,53,54,55,56,57,58,59,60,61,62,63,64,65,66,67,68,69,70,71,72,73,74,75,76,77,78,79,80,81,82,83,84
0.34484,0.34484,15,14,14,11,11,11,10,15,15,5,5,14,9,8,15,14,9,9,8,7,8,7,6,6,10,10,10,15,15,10,10,24,24,24,4,4,25,25,22,16,25,25,8,4,5,3,3,7,3,3,3,1,1,1,10,14,10,4,4,4,2,6,6,1,6,6,17,21,17,21,17,17,3,1,3,1,1,1,25,25,25,25,25,25,15,14,14,11,11,11,10,15,15,5,5,14,9,8,15,14,9,9,8,7,8,7,6,6,10,10,10,15,15,10,10,24,24,24,4,4,25,25,22,16,25,25,8,4,5,3,3,7,3,3,3,1,1,1,10,14,10,4,4,4,2,6,6,1,6,6,17,21,17,21,17,17,3,1,3,1,1,1,25,25,25,25,25,25
0.86688,0.86688,29,49,46,21,26,8,72,70,36,48,61,40,52,83,58,62,45,12,39,60,37,25,30,15,66,43,41,57,50,73,10,75,74,1,33,2,4,4,3,9,4,4,16,31,22,54,13,27,68,20,51,56,65,42,28,32,59,71,67,44,34,24,53,5,35,23,7,84,14,76,38,19,64,17,55,18,47,63,4,4,4,4,4,4,29,49,46,21,26,8,72,70,36,48,61,40,52,69,58,62,45,12,39,60,37,25,30,15,66,43,41,57,50,73,10,75,74,1,33,2,4,4,78,80,4,4,16,31,22,82,13,27,68,20,51,56,65,42,28,79,59,71,67,44,34,24,53,5,35,23,81,6,77,11,38,19,64,17,55,18,47,63,4,4,4,4,4,4
0.86688,0.86688,22,15,47,17,35,12,70,26,51,31,68,7,66,79,40,33,46,54,61,3,13,58,49,42,44,1,55,72,34,67,62,75,9,74,37,65,5,5,77,82,5,5,43,73,27,52,71,29,39,38,53,41,18,69,50,45,63,24,32,64,20,59,25,28,2,16,78,8,36,14,23,6,56,60,30,48,10,21,5,5,5,5,5,5,22,15,47,17,35,81,70,26,51,31,68,7,66,57,40,33,46,54,61,76,13,83,49,42,44,1,55,72,34,67,62,75,9,74,37,65,5,5,4,11,5,5,43,73,27,52,71,29,39,38,53,41,18,69,84,45,63,24,32,64,20,59,25,28,2,16,19,8,80,14,23,6,56,60,30,48,10,21,5,5,5,5,5,5
NaN,NaN,22,15,47,17,35,12,70,26,51,31,68,7,66,79,40,33,46,54,61,3,13,58,49,42,44,1,55,72,34,67,62,75,9,74,37,65,5,5,77,82,5,5,43,73,27,52,71,29,39,38,53,41,18,69,50,45,63,24,32,64,20,59,25,28,2,16,78,8,36,14,23,6,56,60,30,48,10,21,5,5,5,5,5,5,22,15,47,17,35,81,70,26,51,31,68,7,66,57,40,33,46,54,61,76,13,83,49,42,44,1,55,72,34,67,62,75,9,74,37,65,5,5,4,11,5,5,43,73,27,52,71,29,39,38,53,41,18,69,84,45,63,24,32,64,20,59,25,28,2,16,19,8,80,14,23,6,56,60,30,48,10,21,5,5,5,5,5,5
NaN,NaN,22,15,47,17,35,12,70,26,51,31,68,7,66,79,40,33,46,54,61,3,13,58,49,42,44,1,55,72,34,67,62,75,9,74,37,65,5,5,77,82,5,5,43,73,27,52,71,29,39,38,53,41,18,69,50,45,63,24,32,64,20,59,25,28,2,16,78,8,36,14,23,6,56,60,30,48,10,21,5,5,5,5,5,5,22,15,47,17,35,81,70,26,51,31,68,7,66,57,40,33,46,54,61,76,13,83,49,42,44,1,55,72,34,67,62,75,9,74,37,65,5,5,4,11,5,5,43,73,27,52,71,29,39,38,53,41,18,69,84,45,63,24,32,64,20,59,25,28,2,16,19,8,80,14,23,6,56,60,30,48,10,21,5,5,5,5,5,5
0.86688,0.86688,60,42,37,83,76,75,23,39,30,54,34,69,41,1,22,38,64,40,78,46,33,45,81,73,31,25,74,26,27,24,32,20,19,21,79,70,84,84,15,17,84,84,53,36,35,59,44,72,43,51,52,47,56,62,61,57,58,7,28,29,80,49,50,48,63,77,13,3,5,11,9,82,67,55,68,71,66,65,84,84,84,84,84,84,60,42,37,83,76,75,23,39,30,54,34,69,41,2,22,38,64,40,78,46,33,45,81,73,31,25,74,26,27,24,32,20,19,21,79,70,84,84,16,18,84,84,53,36,35,59,44,72,43,51,52,47,56,62,61,57,58,8,28,29,80,49,50,48,63,77,14,4,6,12,10,82,67,55,68,71,66,65,84,84,84,84,84,84
0.86688,0.86688,36,7,55,33,32,9,21,34,3,47,37,59,22,82,27,48,66,41,63,74,49,50,1,62,24,25,71,23,26,13,68,64,65,78,81,17,83,83,5,15,83,83,45,38,60,46,72,75,54,53,44,57,40,52,35,58,56,51,20,19,70,61,69,31,42,67,80,79,29,11,28,73,77,76,84,39,43,30,83,83,83,83,83,83,36,8,55,33,32,10,21,34,4,47,37,59,22,82,27,48,66,41,63,74,49,50,2,62,24,25,71,23,26,14,68,64,65,78,81,18,83,83,6,16,83,83,45,38,60,46,72,75,54,53,44,57,40,52,35,58,56,51,20,19,70,61,69,31,42,67,80,79,29,12,28,73,77,76,84,39,43,30,83,83,83,83,83,83
0.86688,0.86688,66,48,32,83,80,79,23,39,31,54,35,67,38,41,22,33,62,37,76,44,42,43,72,70,40,24,77,28,29,25,30,20,19,21,78,68,84,84,15,17,84,84,53,34,36,61,46,73,45,47,3,49,5,57,59,60,64,1,26,27,81,51,52,50,56,71,13,7,74,11,9,82,65,55,75,69,63,58,84,84,84,84,84,84,66,48,32,83,80,79,23,39,31,54,35,67,38,41,22,33,62,37,76,44,42,43,72,70,40,24,77,28,29,25,30,20,19,21,78,68,84,84,16,18,84,84,53,34,36,61,46,73,45,47,4,49,6,57,59,60,64,2,26,27,81,51,52,50,56,71,14,8,74,12,10,82,65,55,75,69,63,58,84,84,84,84,84,84
0.86688,0.86688,60,42,37,83,76,75,23,39,30,54,34,69,41,1,22,38,64,40,78,46,33,45,81,73,31,25,74,26,27,24,32,20,19,21,79,70,84,84,15,17,84,84,53,36,35,59,44,72,43,51,52,47,56,62,61,57,58,7,28,29,80,49,50,48,63,77,13,3,5,11,9,82,67,55,68,71,66,65,84,84,84,84,84,84,60,42,37,83,76,75,23,39,30,54,34,69,41,2,22,38,64,40,78,46,33,45,81,73,31,25,74,26,27,24,32,20,19,21,79,70,84,84,16,18,84,84,53,36,35,59,44,72,43,51,52,47,56,62,61,57,58,8,28,29,80,49,50,48,63,77,14,4,6,12,10,82,67,55,68,71,66,65,84,84,84,84,84,84
0.86688,0.86688,47,40,38,82,71,70,23,34,30,57,35,67,45,3,22,39,62,46,77,59,33,58,81,76,26,25,75,28,29,24,27,19,21,20,79,68,84,84,11,17,84,84,56,37,36,65,41,74,60,42,51,43,50,61,48,52,53,5,31,32,78,54,55,44,64,63,13,83,7,15,9,80,66,49,73,1,69,72,84,84,84,84,84,84,47,40,38,82,71,70,23,34,30,57,35,67,45,4,22,39,62,46,77,59,33,58,81,76,26,25,75,28,29,24,27,19,21,20,79,68,84,84,12,18,84,84,56,37,36,65,41,74,60,42,51,43,50,61,48,52,53,6,31,32,78,54,55,44,64,63,14,83,8,16,10,80,66,49,73,2,69,72,84,84,84,84,84,84
0.87421,0.87421,50,29,5,55,54,61,9,12,35,42,13,23,26,22,35,35,32,10,16,31,2,20,53,17,9,33,58,10,14,3,7,64,64,64,39,43,67,68,62,63,69,70,1,6,15,8,12,18,34,11,25,47,36,51,24,52,30,4,19,44,57,13,21,48,35,4,40,59,27,60,28,41,49,45,46,37,56,38,71,72,73,74,75,76,50,29,5,55,54,61,9,12,35,42,13,23,26,22,35,35,32,10,16,31,2,20,53,17,9,33,58,10,14,3,7,64,64,64,39,43,79,78,62,63,80,77,1,6,15,8,12,18,34,11,25,47,36,51,24,52,30,4,19,44,57,13,21,48,35,4,40,59,27,60,28,41,49,45,46,37,56,38,81,82,83,84,65,66
0.68929,0.68929,20,34,11,39,39,38,14,47,8,11,40,49,14,64,41,41,42,40,60,57,56,36,39,55,16,50,52,18,11,40,37,51,30,31,4,2,67,68,63,63,69,70,49,17,48,2,53,54,35,11,46,41,41,10,1,58,34,40,58,58,3,40,59,35,23,46,27,61,6,62,32,33,44,15,43,45,35,35,71,72,73,74,75,77,12,34,21,39,39,38,13,47,9,19,40,49,14,64,41,41,42,40,60,57,56,36,39,55,14,50,52,18,22,40,37,51,28,29,5,26,80,84,63,63,78,79,49,18,48,24,53,54,35,11,46,41,41,11,25,58,34,40,58,58,2,40,59,35,2,46,5,61,7,62,32,33,44,9,43,45,35,35,81,82,83,76,65,66
0.86688,0.86688,67,40,38,83,78,77,23,33,29,54,35,69,42,1,22,39,58,41,75,46,34,45,82,73,32,25,74,26,27,24,28,20,19,21,80,68,84,84,15,17,84,84,53,37,36,66,44,71,43,51,52,47,56,60,59,57,62,7,30,31,79,49,50,48,61,76,13,3,5,11,9,81,64,55,72,70,65,63,84,84,84,84,84,84,67,40,38,83,78,77,23,33,29,54,35,69,42,2,22,39,58,41,75,46,34,45,82,73,32,25,74,26,27,24,28,20,19,21,80,68,84,84,16,18,84,84,53,37,36,66,44,71,43,51,52,47,56,60,59,57,62,8,30,31,79,49,50,48,61,76,14,4,6,12,10,81,64,55,72,70,65,63,84,84,84,84,84,84
0.86688,0.86688,37,7,57,35,34,9,21,32,3,47,39,60,22,78,27,48,69,33,64,74,50,51,1,63,23,24,70,25,26,13,67,65,66,79,82,17,83,83,5,15,83,83,45,38,61,46,71,77,54,53,44,56,41,52,36,55,58,49,20,19,73,59,68,31,42,62,81,80,29,11,28,72,76,75,84,40,43,30,83,83,83,83,83,83,37,8,57,35,34,10,21,32,4,47,39,60,22,78,27,48,69,33,64,74,50,51,2,63,23,24,70,25,26,14,67,65,66,79,82,18,83,83,6,16,83,83,45,38,61,46,71,77,54,53,44,56,41,52,36,55,58,49,20,19,73,59,68,31,42,62,81,80,29,12,28,72,76,75,84,40,43,30,83,83,83,83,83,83
0.86688,0.86688,66,45,32,83,79,78,23,35,30,54,37,67,40,41,22,33,62,39,75,44,42,43,72,70,34,24,74,28,29,25,31,20,19,21,80,68,84,84,15,17,84,84,53,36,38,61,47,73,46,48,3,49,5,57,60,59,63,1,26,27,81,51,52,50,56,71,13,7,77,11,9,82,65,55,76,69,64,58,84,84,84,84,84,84,66,45,32,83,79,78,23,35,30,54,37,67,40,41,22,33,62,39,75,44,42,43,72,70,34,24,74,28,29,25,31,20,19,21,80,68,84,84,16,18,84,84,53,36,38,61,47,73,46,48,4,49,6,57,60,59,63,2,26,27,81,51,52,50,56,71,14,8,77,12,10,82,65,55,76,69,64,58,84,84,84,84,84,84
0.86688,0.86688,67,40,38,83,78,77,23,33,29,54,35,69,42,1,22,39,58,41,75,46,34,45,82,73,32,25,74,26,27,24,28,20,19,21,80,68,84,84,15,17,84,84,53,37,36,66,44,71,43,51,52,47,56,60,59,57,62,7,30,31,79,49,50,48,61,76,13,3,5,11,9,81,64,55,72,70,65,63,84,84,84,84,84,84,67,40,38,83,78,77,23,33,29,54,35,69,42,2,22,39,58,41,75,46,34,45,82,73,32,25,74,26,27,24,28,20,19,21,80,68,84,84,16,18,84,84,53,37,36,66,44,71,43,51,52,47,56,60,59,57,62,8,30,31,79,49,50,48,61,76,14,4,6,12,10,81,64,55,72,70,65,63,84,84,84,84,84,84
0.86688,0.86688,47,40,38,82,73,72,23,31,30,60,35,64,46,3,22,39,57,45,77,1,34,61,81,75,26,25,76,28,29,24,27,19,21,20,79,65,84,84,15,17,84,84,59,37,36,66,41,74,50,42,49,43,52,58,48,54,53,9,32,33,78,55,56,44,63,62,13,83,7,11,5,80,67,51,71,70,68,69,84,84,84,84,84,84,47,40,38,82,73,72,23,31,30,60,35,64,46,4,22,39,57,45,77,2,34,61,81,75,26,25,76,28,29,24,27,19,21,20,79,65,84,84,16,18,84,84,59,37,36,66,41,74,50,42,49,43,52,58,48,54,53,10,32,33,78,55,56,44,63,62,14,83,8,12,6,80,67,51,71,70,68,69,84,84,84,84,84,84
0.87421,0.87421,50,29,6,54,53,61,9,13,35,42,11,24,26,22,35,35,32,10,16,31,2,21,55,17,9,33,58,10,15,3,8,64,64,64,39,44,80,79,63,62,71,78,1,5,14,7,13,19,34,12,25,48,37,51,23,52,30,4,18,43,57,11,20,49,35,4,40,60,28,59,27,41,47,46,45,36,56,38,72,77,74,73,70,76,50,29,6,54,53,61,9,13,35,42,11,24,26,22,35,35,32,10,16,31,2,21,55,17,9,33,58,10,15,3,8,64,64,64,39,44,81,68,63,62,75,69,1,5,14,7,13,19,34,12,25,48,37,51,23,52,30,4,18,43,57,11,20,49,35,4,40,60,28,59,27,41,47,46,45,36,56,38,82,83,84,67,66,65
0.65771,0.65771,39,35,39,48,48,49,20,16,51,39,36,37,22,28,50,50,43,36,57,58,8,47,48,56,25,18,26,12,39,36,46,53,32,33,54,4,76,81,64,64,77,73,37,10,14,6,52,60,34,39,41,50,50,39,7,55,35,36,55,55,5,36,59,34,2,41,54,63,61,62,45,44,38,51,42,40,34,34,71,68,79,72,78,74,39,35,39,48,48,49,24,17,51,39,36,37,23,29,50,50,43,36,57,58,9,47,48,56,21,19,27,13,39,36,46,53,30,31,54,3,70,69,64,64,80,75,37,11,15,1,52,60,34,39,41,50,50,39,2,55,35,36,55,55,2,36,59,34,2,41,54,63,61,62,45,44,38,51,42,40,34,34,82,83,84,67,66,65
0.86688,0.86688,59,42,37,83,75,74,23,41,30,54,34,70,40,1,22,38,64,39,79,46,33,45,77,73,31,25,78,26,27,24,32,20,19,21,80,69,84,84,15,17,84,84,53,36,35,63,44,71,43,51,52,47,56,61,60,57,58,7,28,29,81,49,50,48,62,76,13,3,5,11,9,82,67,55,68,72,66,65,84,84,84,84,84,84,59,42,37,83,75,74,23,41,30,54,34,70,40,2,22,38,64,39,79,46,33,45,77,73,31,25,78,26,27,24,32,20,19,21,80,69,84,84,16,18,84,84,53,36,35,63,44,71,43,51,52,47,56,61,60,57,58,8,28,29,81,49,50,48,62,76,14,4,6,12,10,82,67,55,68,72,66,65,84,84,84,84,84,84
0.86688,0.86688,35,7,53,33,32,9,21,38,3,47,36,57,22,78,26,56,68,41,60,74,48,49,1,59,24,27,70,23,25,13,69,61,62,81,82,17,83,83,5,15,83,83,45,37,58,46,71,77,55,51,44,65,40,50,34,63,54,52,20,19,72,64,66,31,42,67,80,79,29,11,28,73,76,75,84,39,43,30,83,83,83,83,83,83,35,8,53,33,32,10,21,38,4,47,36,57,22,78,26,56,68,41,60,74,48,49,2,59,24,27,70,23,25,14,69,61,62,81,82,18,83,83,6,16,83,83,45,37,58,46,71,77,55,51,44,65,40,50,34,63,54,52,20,19,72,64,66,31,42,67,80,79,29,12,28,73,76,75,84,39,43,30,83,83,83,83,83,83
0.86688,0.86688,61,48,32,83,78,77,23,44,31,54,35,66,38,39,22,33,64,37,80,43,40,42,71,75,41,24,76,28,29,25,30,20,19,21,79,69,84,84,15,17,84,84,53,34,36,63,46,72,45,47,3,49,5,57,62,58,59,1,26,27,81,51,52,50,56,70,13,7,74,11,9,82,67,55,68,73,65,60,84,84,84,84,84,84,61,48,32,83,78,77,23,44,31,54,35,66,38,39,22,33,64,37,80,43,40,42,71,75,41,24,76,28,29,25,30,20,19,21,79,69,84,84,16,18,84,84,53,34,36,63,46,72,45,47,4,49,6,57,62,58,59,2,26,27,81,51,52,50,56,70,14,8,74,12,10,82,67,55,68,73,65,60,84,84,84,84,84,84
0.86688,0.86688,59,42,37,83,75,74,23,41,30,54,34,70,40,1,22,38,64,39,79,46,33,45,77,73,31,25,78,26,27,24,32,20,19,21,80,69,84,84,15,17,84,84,53,36,35,63,44,71,43,51,52,47,56,61,60,57,58,7,28,29,81,49,50,48,62,76,13,3,5,11,9,82,67,55,68,72,66,65,84,84,84,84,84,84,59,42,37,83,75,74,23,41,30,54,34,70,40,2,22,38,64,39,79,46,33,45,77,73,31,25,78,26,27,24,32,20,19,21,80,69,84,84,16,18,84,84,53,36,35,63,44,71,43,51,52,47,56,61,60,57,58,8,28,29,81,49,50,48,62,76,14,4,6,12,10,82,67,55,68,72,66,65,84,84,84,84,84,84
0.86688,0.86688,47,40,37,82,72,71,23,39,30,56,34,73,45,3,22,38,61,46,78,58,33,57,76,77,28,25,70,26,27,24,29,19,21,20,80,69,84,84,11,17,84,84,55,36,35,68,41,79,59,42,60,43,50,62,48,51,52,5,31,32,75,53,54,44,64,63,13,83,7,15,9,81,65,49,66,1,67,74,84,84,84,84,84,84,47,40,37,82,72,71,23,39,30,56,34,73,45,4,22,38,61,46,78,58,33,57,76,77,28,25,70,26,27,24,29,19,21,20,80,69,84,84,12,18,84,84,55,36,35,68,41,79,59,42,60,43,50,62,48,51,52,6,31,32,75,53,54,44,64,63,14,83,8,16,10,81,65,49,66,2,67,74,84,84,84,84,84,84
0.87421,0.87421,51,41,3,54,53,63,15,18,40,46,21,22,25,28,40,40,31,16,11,30,2,19,56,12,15,36,60,16,9,5,7,80,80,80,35,42,66,67,61,62,68,69,1,4,10,8,18,13,39,17,24,47,32,50,23,55,29,6,14,43,52,21,20,48,40,6,37,57,26,58,27,38,49,44,45,33,59,34,70,71,72,73,74,75,51,41,3,54,53,63,15,18,40,46,21,22,25,28,40,40,31,16,11,30,2,19,56,12,15,36,60,16,9,5,7,80,80,80,35,42,77,78,61,62,79,76,1,4,10,8,18,13,39,17,24,47,32,50,23,55,29,6,14,43,52,21,20,48,40,6,37,57,26,58,27,38,49,44,45,33,59,34,81,82,83,84,64,65
0.68929,0.68929,20,34,11,39,39,38,14,48,8,11,40,53,14,64,41,41,42,40,56,59,55,36,39,54,16,49,50,18,11,40,37,52,30,31,4,2,67,68,63,63,69,70,53,17,51,2,47,60,35,11,46,41,41,10,1,57,34,40,57,57,3,40,58,35,24,46,27,61,6,62,32,33,44,15,43,45,35,35,71,72,73,74,75,76,12,34,21,39,39,38,13,48,9,19,40,53,14,64,41,41,42,40,56,59,55,36,39,54,14,49,50,18,22,40,37,52,28,29,5,23,80,78,63,63,77,79,53,18,51,26,47,60,35,11,46,41,41,11,25,57,34,40,57,57,2,40,58,35,2,46,5,61,7,62,32,33,44,9,43,45,35,35,81,82,83,84,65,66
0.86688,0.86688,67,40,38,83,77,76,23,34,29,54,35,69,42,1,22,39,59,41,74,46,33,45,80,73,32,25,79,26,27,24,28,20,19,21,78,68,84,84,15,17,84,84,53,37,36,66,44,72,43,51,52,47,56,60,57,58,62,7,30,31,81,49,50,48,61,75,13,3,5,11,9,82,64,55,71,70,65,63,84,84,84,84,84,84,67,40,38,83,77,76,23,34,29,54,35,69,42,2,22,39,59,41,74,46,33,45,80,73,32,25,79,26,27,24,28,20,19,21,78,68,84,84,16,18,84,84,53,37,36,66,44,72,43,51,52,47,56,60,57,58,62,8,30,31,81,49,50,48,61,75,14,4,6,12,10,82,64,55,71,70,65,63,84,84,84,84,84,84
0.86688,0.86688,37,7,58,35,34,9,21,32,3,47,39,60,22,82,27,48,70,33,64,74,50,51,1,63,23,24,71,25,26,13,67,65,66,78,81,17,83,83,5,15,83,83,45,38,61,46,72,75,54,53,44,56,41,52,36,55,59,49,20,19,69,57,68,31,42,62,80,79,29,11,28,73,77,76,84,40,43,30,83,83,83,83,83,83,37,8,58,35,34,10,21,32,4,47,39,60,22,82,27,48,70,33,64,74,50,51,2,63,23,24,71,25,26,14,67,65,66,78,81,18,83,83,6,16,83,83,45,38,61,46,72,75,54,53,44,56,41,52,36,55,59,49,20,19,69,57,68,31,42,62,80,79,29,12,28,73,77,76,84,40,43,30,83,83,83,83,83,83
0.86688,0.86688,67,45,32,83,80,79,23,35,30,54,37,65,40,41,22,33,62,39,76,44,42,43,73,70,34,24,75,28,29,25,31,20,19,21,77,69,84,84,15,17,84,84,53,36,38,61,47,74,46,48,3,49,5,57,58,60,63,1,26,27,81,51,52,50,56,72,13,7,78,11,9,82,66,55,71,68,64,59,84,84,84,84,84,84,67,45,32,83,80,79,23,35,30,54,37,65,40,41,22,33,62,39,76,44,42,43,73,70,34,24,75,28,29,25,31,20,19,21,77,69,84,84,16,18,84,84,53,36,38,61,47,74,46,48,4,49,6,57,58,60,63,2,26,27,81,51,52,50,56,72,14,8,78,12,10,82,66,55,71,68,64,59,84,84,84,84,84,84
0.86688,0.86688,67,40,38,83,77,76,23,34,29,54,35,69,42,1,22,39,59,41,74,46,33,45,80,73,32,25,79,26,27,24,28,20,19,21,78,68,84,84,15,17,84,84,53,37,36,66,44,72,43,51,52,47,56,60,57,58,62,7,30,31,81,49,50,48,61,75,13,3,5,11,9,82,64,55,71,70,65,63,84,84,84,84,84,84,67,40,38,83,77,76,23,34,29,54,35,69,42,2,22,39,59,41,74,46,33,45,80,73,32,25,79,26,27,24,28,20,19,21,78,68,84,84,16,18,84,84,53,37,36,66,44,72,43,51,52,47,56,60,57,58,62,8,30,31,81,49,50,48,61,75,14,4,6,12,10,82,64,55,71,70,65,63,84,84,84,84,84,84
0.86688,0.86688,47,40,38,81,74,73,23,34,30,60,35,64,46,3,22,39,57,45,76,1,33,61,82,75,26,25,77,28,29,24,27,19,21,20,79,66,84,84,15,17,84,84,59,37,36,65,41,72,52,42,49,43,51,58,48,54,53,9,31,32,78,55,56,44,63,62,13,83,7,11,5,80,67,50,69,70,68,71,84,84,84,84,84,84,47,40,38,81,74,73,23,34,30,60,35,64,46,4,22,39,57,45,76,2,33,61,82,75,26,25,77,28,29,24,27,19,21,20,79,66,84,84,16,18,84,84,59,37,36,65,41,72,52,42,49,43,51,58,48,54,53,10,31,32,78,55,56,44,63,62,14,83,8,12,6,80,67,50,69,70,68,71,84,84,84,84,84,84
0.87421,0.87421,50,30,6,54,53,61,9,13,34,44,11,24,26,22,34,34,29,10,16,32,2,21,55,17,9,35,58,10,15,3,8,64,64,64,39,43,71,70,63,62,74,81,1,5,14,7,13,19,33,12,25,48,37,51,23,52,31,4,18,42,56,11,20,49,34,4,40,60,28,59,27,41,47,46,45,36,57,38,72,77,73,68,80,76,50,30,6,54,53,61,9,13,34,44,11,24,26,22,34,34,29,10,16,32,2,21,55,17,9,35,58,10,15,3,8,64,64,64,39,43,78,69,63,62,75,79,1,5,14,7,13,19,33,12,25,48,37,51,23,52,31,4,18,42,56,11,20,49,34,4,40,60,28,59,27,41,47,46,45,36,57,38,82,83,84,67,66,65
0.65771,0.65771,37,35,37,48,48,49,20,16,51,37,44,54,22,28,50,50,41,44,59,57,8,47,48,56,25,18,26,12,37,44,46,53,32,33,55,4,69,81,64,64,74,77,54,10,14,6,52,60,34,37,39,50,50,37,7,45,35,44,45,45,5,44,58,34,2,39,55,63,61,62,43,42,36,51,40,38,34,34,75,70,78,76,72,80,37,35,37,48,48,49,24,17,51,37,44,54,23,29,50,50,41,44,59,57,9,47,48,56,21,19,27,13,37,44,46,53,30,31,55,3,79,71,64,64,68,73,54,11,15,1,52,60,34,37,39,50,50,37,2,45,35,44,45,45,2,44,58,34,2,39,55,63,61,62,43,42,36,51,40,38,34,34,82,83,84,67,66,65
0.86688,0.86688,64,42,38,83,80,79,23,33,28,55,35,68,41,1,22,39,63,40,74,47,34,46,81,75,32,25,72,26,27,24,31,20,19,21,77,70,84,84,15,17,84,84,54,37,36,60,44,76,43,50,53,48,57,62,45,61,59,7,29,30,78,51,52,49,65,73,13,3,5,11,9,82,58,56,71,69,67,66,84,84,84,84,84,84,64,42,38,83,80,79,23,33,28,55,35,68,41,2,22,39,63,40,74,47,34,46,81,75,32,25,72,26,27,24,31,20,19,21,77,70,84,84,16,18,84,84,54,37,36,60,44,76,43,50,53,48,57,62,45,61,59,8,29,30,78,51,52,49,65,73,14,4,6,12,10,82,58,56,71,69,67,66,84,84,84,84,84,84
0.86688,0.86688,37,7,51,34,33,9,21,32,3,49,39,63,22,78,27,44,48,35,66,75,52,53,1,65,23,25,72,24,26,13,70,67,68,79,82,17,83,83,5,15,83,83,46,38,64,47,73,76,58,57,45,55,41,56,36,59,60,50,20,19,61,62,69,31,42,54,81,80,29,11,28,71,77,74,84,40,43,30,83,83,83,83,83,83,37,8,51,34,33,10,21,32,4,49,39,63,22,78,27,44,48,35,66,75,52,53,2,65,23,25,72,24,26,14,70,67,68,79,82,18,83,83,6,16,83,83,46,38,64,47,73,76,58,57,45,55,41,56,36,59,60,50,20,19,61,62,69,31,42,54,81,80,29,12,28,71,77,74,84,40,43,30,83,83,83,83,83,83
0.86688,0.86688,67,45,32,83,82,81,23,34,31,55,37,65,40,41,22,33,63,39,73,44,42,43,76,71,35,25,69,28,29,24,30,20,19,21,77,72,84,84,15,17,84,84,54,36,38,61,47,74,46,48,3,50,5,58,49,64,60,1,26,27,79,52,53,51,57,75,13,7,78,11,9,80,62,56,70,68,66,59,84,84,84,84,84,84,67,45,32,83,82,81,23,34,31,55,37,65,40,41,22,33,63,39,73,44,42,43,76,71,35,25,69,28,29,24,30,20,19,21,77,72,84,84,16,18,84,84,54,36,38,61,47,74,46,48,4,50,6,58,49,64,60,2,26,27,79,52,53,51,57,75,14,8,78,12,10,80,62,56,70,68,66,59,84,84,84,84,84,84
0.86688,0.86688,64,42,38,83,80,79,23,33,28,55,35,68,41,1,22,39,63,40,74,47,34,46,81,75,32,25,72,26,27,24,31,20,19,21,77,70,84,84,15,17,84,84,54,37,36,60,44,76,43,50,53,48,57,62,45,61,59,7,29,30,78,51,52,49,65,73,13,3,5,11,9,82,58,56,71,69,67,66,84,84,84,84,84,84,64,42,38,83,80,79,23,33,28,55,35,68,41,2,22,39,63,40,74,47,34,46,81,75,32,25,72,26,27,24,31,20,19,21,77,70,84,84,16,18,84,84,54,37,36,60,44,76,43,50,53,48,57,62,45,61,59,8,29,30,78,51,52,49,65,73,14,4,6,12,10,82,58,56,71,69,67,66,84,84,84,84,84,84
0.86688,0.86688,47,40,38,82,77,76,23,30,31,59,35,64,49,3,22,39,62,48,73,1,34,60,80,79,26,25,72,28,29,24,27,19,21,20,78,68,84,84,15,17,84,84,58,37,36,61,41,74,54,42,44,45,51,53,43,55,52,9,32,33,75,56,57,46,66,67,13,83,7,11,5,81,63,50,71,70,65,69,84,84,84,84,84,84,47,40,38,82,77,76,23,30,31,59,35,64,49,4,22,39,62,48,73,2,34,60,80,79,26,25,72,28,29,24,27,19,21,20,78,68,84,84,16,18,84,84,58,37,36,61,41,74,54,42,44,45,51,53,43,55,52,10,32,33,75,56,57,46,66,67,14,83,8,12,6,81,63,50,71,70,65,69,84,84,84,84,84,84
0.87421,0.87421,52,7,14,57,56,59,5,4,6,31,2,28,30,23,6,6,24,8,19,36,10,26,49,20,5,16,58,8,18,11,15,64,64,64,40,47,68,76,63,62,80,69,9,13,17,1,4,22,32,3,29,53,38,42,27,51,35,12,21,41,55,2,25,54,6,12,44,61,34,60,33,45,50,43,46,37,48,39,78,72,71,79,73,81,52,7,14,57,56,59,5,4,6,31,2,28,30,23,6,6,24,8,19,36,10,26,49,20,5,16,58,8,18,11,15,64,64,64,40,47,74,70,63,62,77,75,9,13,17,1,4,22,32,3,29,53,38,42,27,51,35,12,21,41,55,2,25,54,6,12,44,61,34,60,33,45,50,43,46,37,48,39,82,83,84,67,65,66
0.65771,0.65771,43,35,43,40,40,41,20,16,53,43,48,51,22,28,50,50,44,48,59,60,8,37,40,58,25,18,26,12,43,48,36,55,32,33,52,4,73,68,64,64,75,77,51,10,14,6,54,56,34,43,47,50,50,43,7,49,35,48,49,49,5,48,57,34,2,47,52,63,61,62,39,38,42,53,45,46,34,34,76,71,79,72,69,74,43,35,43,40,40,41,24,17,53,43,48,51,23,29,50,50,44,48,59,60,9,37,40,58,21,19,27,13,43,48,36,55,30,31,52,3,78,81,64,64,70,80,51,11,15,1,54,56,34,43,47,50,50,43,2,49,35,48,49,49,2,48,57,34,2,47,52,63,61,62,39,38,42,53,45,46,34,34,82,83,84,67,65,66
0.86688,0.86688,64,42,37,83,75,74,23,39,30,54,34,69,41,1,22,38,63,40,80,46,33,45,78,73,31,25,76,26,27,24,32,20,19,21,79,70,84,84,15,17,84,84,53,36,35,59,44,72,43,51,52,47,56,61,60,57,58,7,28,29,81,49,50,48,62,77,13,3,5,11,9,82,67,55,68,71,66,65,84,84,84,84,84,84,64,42,37,83,75,74,23,39,30,54,34,69,41,2,22,38,63,40,80,46,33,45,78,73,31,25,76,26,27,24,32,20,19,21,79,70,84,84,16,18,84,84,53,36,35,59,44,72,43,51,52,47,56,61,60,57,58,8,28,29,81,49,50,48,62,77,14,4,6,12,10,82,67,55,68,71,66,65,84,84,84,84,84,84
0.86688,0.86688,36,7,55,33,32,9,21,34,3,47,37,58,22,80,27,48,69,41,63,74,49,50,1,62,24,25,70,23,26,13,67,64,65,78,82,17,83,83,5,15,83,83,45,38,59,46,71,75,54,53,44,60,40,52,35,57,56,51,20,19,73,61,68,31,42,66,81,79,29,11,28,72,77,76,84,39,43,30,83,83,83,83,83,83,36,8,55,33,32,10,21,34,4,47,37,58,22,80,27,48,69,41,63,74,49,50,2,62,24,25,70,23,26,14,67,64,65,78,82,18,83,83,6,16,83,83,45,38,59,46,71,75,54,53,44,60,40,52,35,57,56,51,20,19,73,61,68,31,42,66,81,79,29,12,28,72,77,76,84,39,43,30,83,83,83,83,83,83
0.86688,0.86688,65,48,32,83,80,79,23,40,31,54,35,66,38,41,22,33,62,37,75,44,42,43,72,70,39,24,77,28,29,25,30,20,19,21,78,69,84,84,15,17,84,84,53,34,36,61,46,74,45,47,3,49,5,57,59,60,63,1,26,27,81,51,52,50,56,71,13,7,76,11,9,82,67,55,73,68,64,58,84,84,84,84,84,84,65,48,32,83,80,79,23,40,31,54,35,66,38,41,22,33,62,37,75,44,42,43,72,70,39,24,77,28,29,25,30,20,19,21,78,69,84,84,16,18,84,84,53,34,36,61,46,74,45,47,4,49,6,57,59,60,63,2,26,27,81,51,52,50,56,71,14,8,76,12,10,82,67,55,73,68,64,58,84,84,84,84,84,84
0.86688,0.86688,64,42,37,83,75,74,23,39,30,54,34,69,41,1,22,38,63,40,80,46,33,45,78,73,31,25,76,26,27,24,32,20,19,21,79,70,84,84,15,17,84,84,53,36,35,59,44,72,43,51,52,47,56,61,60,57,58,7,28,29,81,49,50,48,62,77,13,3,5,11,9,82,67,55,68,71,66,65,84,84,84,84,84,84,64,42,37,83,75,74,23,39,30,54,34,69,41,2,22,38,63,40,80,46,33,45,78,73,31,25,76,26,27,24,32,20,19,21,79,70,84,84,16,18,84,84,53,36,35,59,44,72,43,51,52,47,56,61,60,57,58,8,28,29,81,49,50,48,62,77,14,4,6,12,10,82,67,55,68,71,66,65,84,84,84,84,84,84
0.86688,0.86688,47,40,38,82,73,72,23,36,30,57,34,66,45,3,22,39,62,46,77,59,33,58,80,76,26,25,75,28,29,24,27,19,21,20,78,69,84,84,11,17,84,84,56,37,35,65,41,71,60,42,51,43,50,61,48,52,53,5,31,32,79,54,55,44,64,63,13,83,7,15,9,81,67,49,68,1,70,74,84,84,84,84,84,84,47,40,38,82,73,72,23,36,30,57,34,66,45,4,22,39,62,46,77,59,33,58,80,76,26,25,75,28,29,24,27,19,21,20,78,69,84,84,12,18,84,84,56,37,35,65,41,71,60,42,51,43,50,61,48,52,53,6,31,32,79,54,55,44,64,63,14,83,8,16,10,81,67,49,68,2,70,74,84,84,84,84,84,84
0.87421,0.87421,50,29,5,56,55,61,9,12,34,44,13,23,26,22,34,34,30,10,16,32,2,20,53,17,9,35,58,10,14,3,7,64,64,64,39,42,67,68,62,63,69,70,1,6,15,8,12,18,33,11,25,47,36,51,24,52,31,4,19,43,57,13,21,48,34,4,40,59,27,60,28,41,49,45,46,37,54,38,71,72,73,74,75,76,50,29,5,56,55,61,9,12,34,44,13,23,26,22,34,34,30,10,16,32,2,20,53,17,9,35,58,10,14,3,7,64,64,64,39,42,80,79,62,63,77,78,1,6,15,8,12,18,33,11,25,47,36,51,24,52,31,4,19,43,57,13,21,48,34,4,40,59,27,60,28,41,49,45,46,37,54,38,81,82,83,84,65,66
0.68929,0.68929,24,34,11,39,39,38,14,48,8,11,40,53,14,64,41,41,42,40,57,59,56,36,39,55,16,49,50,18,11,40,37,52,30,31,4,2,67,68,63,63,69,70,53,17,51,2,47,60,35,11,46,41,41,10,1,54,34,40,54,54,3,40,58,35,19,46,27,61,6,62,32,33,44,15,43,45,35,35,71,72,73,74,75,76,12,34,25,39,39,38,13,48,9,23,40,53,14,64,41,41,42,40,57,59,56,36,39,55,14,49,50,18,26,40,37,52,28,29,5,22,80,79,63,63,78,77,53,18,51,21,47,60,35,11,46,41,41,11,20,54,34,40,54,54,2,40,58,35,2,46,5,61,7,62,32,33,44,9,43,45,35,35,81,82,83,84,65,66
0.86688,0.86688,59,42,37,83,74,73,23,41,32,54,34,69,40,1,22,38,64,39,78,46,33,45,77,75,30,25,79,26,27,24,31,20,19,21,81,70,84,84,15,17,84,84,53,36,35,63,44,71,43,51,52,47,56,61,60,57,58,7,28,29,80,49,50,48,62,76,13,3,5,11,9,82,66,55,67,72,68,65,84,84,84,84,84,84,59,42,37,83,74,73,23,41,32,54,34,69,40,2,22,38,64,39,78,46,33,45,77,75,30,25,79,26,27,24,31,20,19,21,81,70,84,84,16,18,84,84,53,36,35,63,44,71,43,51,52,47,56,61,60,57,58,8,28,29,80,49,50,48,62,76,14,4,6,12,10,82,66,55,67,72,68,65,84,84,84,84,84,84
0.86688,0.86688,35,7,53,33,32,9,21,40,3,47,36,57,22,80,26,56,68,44,60,74,48,49,1,59,24,27,70,23,25,13,69,61,62,79,81,17,84,84,5,15,84,84,45,37,58,46,71,76,52,51,43,64,39,50,34,63,54,55,20,19,73,65,66,31,41,67,82,78,29,11,28,72,77,75,83,38,42,30,84,84,84,84,84,84,35,8,53,33,32,10,21,40,4,47,36,57,22,80,26,56,68,44,60,74,48,49,2,59,24,27,70,23,25,14,69,61,62,79,81,18,84,84,6,16,84,84,45,37,58,46,71,76,52,51,43,64,39,50,34,63,54,55,20,19,73,65,66,31,41,67,82,78,29,12,28,72,77,75,83,38,42,30,84,84,84,84,84,84
0.86688,0.86688,61,50,31,83,80,79,23,43,30,54,35,66,38,39,22,32,64,37,78,42,40,41,70,76,47,24,71,28,29,25,33,20,19,21,73,72,84,84,15,17,84,84,53,34,36,63,45,74,44,46,3,48,5,57,62,58,59,1,26,27,81,51,52,49,56,69,13,7,77,11,9,82,67,55,68,75,65,60,84,84,84,84,84,84,61,50,31,83,80,79,23,43,30,54,35,66,38,39,22,32,64,37,78,42,40,41,70,76,47,24,71,28,29,25,33,20,19,21,73,72,84,84,16,18,84,84,53,34,36,63,45,74,44,46,4,48,6,57,62,58,59,2,26,27,81,51,52,49,56,69,14,8,77,12,10,82,67,55,68,75,65,60,84,84,84,84,84,84
0.86688,0.86688,59,42,37,83,74,73,23,41,32,54,34,69,40,1,22,38,64,39,78,46,33,45,77,75,30,25,79,26,27,24,31,20,19,21,81,70,84,84,15,17,84,84,53,36,35,63,44,71,43,51,52,47,56,61,60,57,58,7,28,29,80,49,50,48,62,76,13,3,5,11,9,82,66,55,67,72,68,65,84,84,84,84,84,84,59,42,37,83,74,73,23,41,32,54,34,69,40,2,22,38,64,39,78,46,33,45,77,75,30,25,79,26,27,24,31,20,19,21,81,70,84,84,16,18,84,84,53,36,35,63,44,71,43,51,52,47,56,61,60,57,58,8,28,29,80,49,50,48,62,76,14,4,6,12,10,82,66,55,67,72,68,65,84,84,84,84,84,84
0.86688,0.86688,47,42,38,82,73,72,23,37,30,56,34,68,45,3,22,39,61,46,78,58,33,57,76,77,26,25,79,28,29,24,27,19,21,20,80,71,84,84,11,17,84,84,55,36,35,67,40,75,60,41,59,43,50,62,48,51,52,5,31,32,74,53,54,44,64,63,13,83,7,15,9,81,65,49,66,1,69,70,84,84,84,84,84,84,47,42,38,82,73,72,23,37,30,56,34,68,45,4,22,39,61,46,78,58,33,57,76,77,26,25,79,28,29,24,27,19,21,20,80,71,84,84,12,18,84,84,55,36,35,67,40,75,60,41,59,43,50,62,48,51,52,6,31,32,74,53,54,44,64,63,14,83,8,16,10,81,65,49,66,2,69,70,84,84,84,84,84,84
0.87421,0.87421,51,15,3,54,53,63,31,18,43,46,19,22,25,28,43,43,32,16,11,30,2,20,56,12,31,39,60,16,9,7,5,84,84,84,36,40,66,67,61,62,68,69,1,4,10,6,18,13,42,17,24,47,33,50,23,55,29,8,14,41,52,19,21,48,43,8,37,58,26,59,27,38,49,44,45,34,57,35,71,72,73,74,76,77,51,15,3,54,53,63,31,18,43,46,19,22,25,28,43,43,32,16,11,30,2,20,56,12,31,39,60,16,9,7,5,84,84,84,36,40,81,82,61,62,78,79,1,4,10,6,18,13,42,17,24,47,33,50,23,55,29,8,14,41,52,19,21,48,43,8,37,58,26,59,27,38,49,44,45,34,57,35,83,80,75,70,64,65
0.68929,0.68929,21,49,11,47,47,46,17,39,8,11,52,51,17,64,59,59,36,52,56,55,54,34,47,53,20,44,40,19,11,52,35,45,30,31,4,2,67,68,63,63,69,70,51,18,41,2,38,60,50,11,43,59,59,10,1,57,49,52,57,57,3,52,58,50,23,43,26,61,6,62,32,33,48,13,37,42,50,50,71,72,73,74,75,76,12,49,14,47,47,46,16,39,9,15,52,51,17,64,59,59,36,52,56,55,54,34,47,53,17,44,40,19,22,52,35,45,28,29,5,27,77,81,63,63,78,79,51,19,41,25,38,60,50,11,43,59,59,11,24,57,49,52,57,57,2,52,58,50,2,43,5,61,7,62,32,33,48,9,37,42,50,50,84,82,83,80,65,66
0.3284,0.3284,10,5,5,6,11,11,10,10,10,4,4,5,9,8,10,5,9,9,8,7,8,7,6,1,5,10,10,10,10,10,10,20,20,20,14,14,24,24,22,16,24,24,8,14,4,3,3,7,3,3,3,2,2,2,5,5,5,14,14,14,1,1,1,2,1,1,17,21,17,21,17,17,3,2,3,2,2,2,24,24,24,24,24,24
1,1,46,59,36,31,5,29,72,61,52,44,34,49,58,64,62,71,26,15,47,41,35,22,39,42,50,1,38,73,11,69,67,75,7,74,45,13,76,77,6,9,78,79,65,17,68,57,30,33,43,55,12,63,48,28,32,53,66,60,70,18,23,40,27,14,24,19,25,10,21,2,4,20,54,8,16,37,51,56,80,81,82,83,84,3
1,1,55,59,35,48,8,46,66,37,69,58,24,30,72,60,74,44,56,28,16,31,34,25,36,63,13,61,50,41,64,5,42,75,71,6,29,14,76,77,10,11,78,79,67,40,1,38,26,3,53,49,65,12,51,7,62,19,52,68,23,18,32,57,21,73,47,15,39,20,17,2,9,54,22,27,33,43,45,70,80,81,82,83,84,4
NaN,NaN,55,59,35,48,8,46,66,37,69,58,24,30,72,60,74,44,56,28,16,31,34,25,36,63,13,61,50,41,64,5,42,75,71,6,29,14,76,77,10,11,78,79,67,40,1,38,26,3,53,49,65,12,51,7,62,19,52,68,23,18,32,57,21,73,47,15,39,20,17,2,9,54,22,27,33,43,45,70,80,81,82,83,84,4
NaN,NaN,55,59,35,48,8,46,66,37,69,58,24,30,72,60,74,44,56,28,16,31,34,25,36,63,13,61,50,41,64,5,42,75,71,6,29,14,76,77,10,11,78,79,67,40,1,38,26,3,53,49,65,12,51,7,62,19,52,68,23,18,32,57,21,73,47,15,39,20,17,2,9,54,22,27,33,43,45,70,80,81,82,83,84,4
1,1,1,2,3,4,5,6,7,8,9,10,11,12,13,14,15,16,17,18,19,20,21,22,23,24,25,26,27,28,29,30,31,32,33,34,35,36,37,38,39,40,41,42,43,44,45,46,47,48,49,50,51,52,53,54,55,56,57,58,59,60,61,62,63,64,65,66,67,68,69,70,71,72,73,74,75,76,77,78,79,80,81,82,83,84
1,1,1,2,3,4,5,6,7,8,9,10,11,12,13,14,15,16,17,18,19,20,21,22,23,24,25,26,27,28,29,30,31,32,33,34,35,36,37,38,39,40,41,42,43,44,45,46,47,48,49,50,51,52,53,54,55,56,57,58,59,60,61,62,63,64,65,66,67,68,69,70,71,72,73,74,75,76,77,78,79,80,81,82,83,84
1,1,1,2,3,4,5,6,7,8,9,10,11,12,13,14,15,16,17,18,19,20,21,22,23,24,25,26,27,28,29,30,31,32,33,34,35,36,37,38,39,40,41,42,43,44,45,46,47,48,49,50,51,52,53,54,55,56,57,58,59,60,61,62,63,64,65,66,67,68,69,70,71,72,73,74,75,76,77,78,79,80,81,82,83,84
1,1,1,2,3,4,5,6,7,8,9,10,11,12,13,14,15,16,17,18,19,20,21,22,23,24,25,26,27,28,29,30,31,32,33,34,35,36,37,38,39,40,41,42,43,44,45,46,47,48,49,50,51,52,53,54,55,56,57,58,59,60,61,62,63,64,65,66,67,68,69,70,71,72,73,74,75,76,77,78,79,80,81,82,83,84
1,1,1,2,3,4,5,6,7,8,9,10,11,12,13,14,15,16,17,18,19,20,21,22,23,24,25,26,27,28,29,30,31,32,33,34,35,36,37,38,39,40,41,42,43,44,45,46,47,48,49,50,51,52,53,54,55,56,57,58,59,60,61,62,63,64,65,66,67,68,69,70,71,72,73,74,75,76,77,78,79,80,81,82,83,84
1,1,1,2,3,4,5,6,7,8,9,10,11,12,13,14,15,16,17,18,19,20,21,22,23,24,25,26,27,28,29,30,31,32,33,34,35,36,37,38,39,40,41,42,43,44,45,46,47,48,49,50,51,52,53,54,55,56,57,58,59,60,61,62,63,64,65,66,67,68,69,70,71,72,73,74,75,76,77,78,79,80,81,82,83,84
1,1,1,2,3,4,5,6,7,8,9,10,11,12,13,14,15,16,17,18,19,20,21,22,23,24,25,26,27,28,29,30,31,32,33,34,35,36,37,38,39,40,41,42,43,44,45,46,47,48,49,50,51,52,53,54,55,56,57,58,59,60,61,62,63,64,65,66,67,68,69,70,71,72,73,74,75,76,77,78,79,80,81,82,83,84
1,1,1,2,3,4,5,6,7,8,9,10,11,12,13,14,15,16,17,18,19,20,21,22,23,24,25,26,27,28,29,30,31,32,33,34,35,36,37,38,39,40,41,42,43,44,45,46,47,48,49,50,51,52,53,54,55,56,57,58,59,60,61,62,63,64,65,66,67,68,69,70,71,72,73,74,75,76,77,78,79,80,81,82,83,84
1,1,1,2,3,4,5,6,7,8,9,10,11,12,13,14,15,16,17,18,19,20,21,22,23,24,25,26,27,28,29,30,31,32,33,34,35,36,37,38,39,40,41,42,43,44,45,46,47,48,49,50,51,52,53,54,55,56,57,58,59,60,61,62,63,64,65,66,67,68,69,70,71,72,73,74,75,76,77,78,79,80,81,82,83,84
1,1,1,2,3,4,5,6,7,8,9,10,11,12,13,14,15,16,17,18,19,20,21,22,23,24,25,26,27,28,29,30,31,32,33,34,35,36,37,38,39,40,41,42,43,44,45,46,47,48,49,50,51,52,53,54,55,56,57,58,59,60,61,62,63,64,65,66,67,68,69,70,71,72,73,74,75,76,77,78,79,80,81,82,83,84
1,1,1,2,3,4,5,6,7,8,9,10,11,12,13,14,15,16,17,18,19,20,21,22,23,24,25,26,27,28,29,30,31,32,33,34,35,36,37,38,39,40,41,42,43,44,45,46,47,48,49,50,51,52,53,54,55,56,57,58,59,60,61,62,63,64,65,66,67,68,69,70,71,72,73,74,75,76,77,78,79,80,81,82,83,84
1,1,1,2,3,4,5,6,7,8,9,10,11,12,13,14,15,16,17,18,19,20,21,22,23,24,25,26,27,28,29,30,31,32,33,34,35,36,37,38,39,40,41,42,43,44,45,46,47,48,49,50,51,52,53,54,55,56,57,58,59,60,61,62,63,64,65,66,67,68,69,70,71,72,73,74,75,76,77,78,79,80,81,82,83,84
1,1,1,2,3,4,5,6,7,8,9,10,11,12,13,14,15,16,17,18,19,20,21,22,23,24,25,26,27,28,29,30,31,32,33,34,35,36,37,38,39,40,41,42,43,44,45,46,47,48,49,50,51,52,53,54,55,56,57,58,59,60,61,62,63,64,65,66,67,68,69,70,71,72,73,74,75,76,77,78,79,80,81,82,83,84
1,1,1,2,3,4,5,6,7,8,9,10,11,12,13,14,15,16,17,18,19,20,21,22,23,24,25,26,27,28,29,30,31,32,33,34,35,36,37,38,39,40,41,42,43,44,45,46,47,48,49,50,51,52,53,54,55,56,57,58,59,60,61,62,63,64,65,66,67,68,69,70,71,72,73,74,75,76,77,78,79,80,81,82,83,84
1,1,1,2,3,4,5,6,7,8,9,10,11,12,13,14,15,16,17,18,19,20,21,22,23,24,25,26,27,28,29,30,31,32,33,34,35,36,37,38,39,40,41,42,43,44,45,46,47,48,49,50,51,52,53,54,55,56,57,58,59,60,61,62,63,64,65,66,67,68,69,70,71,72,73,74,75,76,77,78,79,80,81,82,83,84
1,1,1,2,3,4,5,6,7,8,9,10,11,12,13,14,15,16,17,18,19,20,21,22,23,24,25,26,27,28,29,30,31,32,33,34,35,36,37,38,39,40,41,42,43,44,45,46,47,48,49,50,51,52,53,54,55,56,57,58,59,60,61,62,63,64,65,66,67,68,69,70,71,72,73,74,75,76,77,78,79,80,81,82,83,84
1,1,1,2,3,4,5,6,7,8,9,10,11,12,13,14,15,16,17,18,19,20,21,22,23,24,25,26,27,28,29,30,31,32,33,34,35,36,37,38,39,40,41,42,43,44,45,46,47,48,49,50,51,52,53,54,55,56,57,58,59,60,61,62,63,64,65,66,67,68,69,70,71,72,73,74,75,76,77,78,79,80,81,82,83,84
1,1,1,2,3,4,5,6,7,8,9,10,11,12,13,14,15,16,17,18,19,20,21,22,23,24,25,26,27,28,29,30,31,32,33,34,35,36,37,38,39,40,41,42,43,44,45,46,47,48,49,50,51,52,53,54,55,56,57,58,59,60,61,62,63,64,65,66,67,68,69,70,71,72,73,74,75,76,77,78,79,80,81,82,83,84
1,1,1,2,3,4,5,6,7,8,9,10,11,12,13,14,15,16,17,18,19,20,21,22,23,24,25,26,27,28,29,30,31,32,33,34,35,36,37,38,39,40,41,42,43,44,45,46,47,48,49,50,51,52,53,54,55,56,57,58,59,60,61,62,63,64,65,66,67,68,69,70,71,72,73,74,75,76,77,78,79,80,81,82,83,84
1,1,1,2,3,4,5,6,7,8,9,10,11,12,13,14,15,16,17,18,19,20,21,22,23,24,25,26,27,28,29,30,31,32,33,34,35,36,37,38,39,40,41,42,43,44,45,46,47,48,49,50,51,52,53,54,55,56,57,58,59,60,61,62,63,64,65,66,67,68,69,70,71,72,73,74,75,76,77,78,79,80,81,82,83,84
1,1,1,2,3,4,5,6,7,8,9,10,11,12,13,14,15,16,17,18,19,20,21,22,23,24,25,26,27,28,29,30,31,32,33,34,35,36,37,38,39,40,41,42,43,44,45,46,47,48,49,50,51,52,53,54,55,56,57,58,59,60,61,62,63,64,65,66,67,68,69,70,71,72,73,74,75,76,77,78,79,80,81,82,83,84
1,1,1,2,3,4,5,6,7,8,9,10,11,12,13,14,15,16,17,18,19,20,21,22,23,24,25,26,27,28,29,30,31,32,33,34,35,36,37,38,39,40,41,42,43,44,45,46,47,48,49,50,51,52,53,54,55,56,57,58,59,60,61,62,63,64,65,66,67,68,69,70,71,72,73,74,75,76,77,78,79,80,81,82,83,84
1,1,1,2,3,4,5,6,7,8,9,10,11,12,13,14,15,16,17,18,19,20,21,22,23,24,25,26,27,28,29,30,31,32,33,34,35,36,37,38,39,40,41,42,43,44,45,46,47,48,49,50,51,52,53,54,55,56,57,58,59,60,61,62,63,64,65,66,67,68,69,70,71,72,73,74,75,76,77,78,79,80,81,82,83,84
1,1,1,2,3,4,5,6,7,8,9,10,11,12,13,14,15,16,17,18,19,20,21,22,23,24,25,26,27,28,29,30,31,32,33,34,35,36,37,38,39,40,41,42,43,44,45,46,47,48,49,50,51,52,53,54,55,56,57,58,59,60,61,62,63,64,65,66,67,68,69,70,71,72,73,74,75,76,77,78,79,80,81,82,83,84
1,1,1,2,3,4,5,6,7,8,9,10,11,12,13,14,15,16,17,18,19,20,21,22,23,24,25,26,27,28,29,30,31,32,33,34,35,36,37,38,39,40,41,42,43,44,45,46,47,48,49,50,51,52,53,54,55,56,57,58,59,60,61,62,63,64,65,66,67,68,69,70,71,72,73,74,75,76,77,78,79,80,81,82,83,84
1,1,1,2,3,4,5,6,7,8,9,10,11,12,13,14,15,16,17,18,19,20,21,22,23,24,25,26,27,28,29,30,31,32,33,34,35,36,37,38,39,40,41,42,43,44,45,46,47,48,49,50,51,52,53,54,55,56,57,58,59,60,61,62,63,64,65,66,67,68,69,70,71,72,73,74,75,76,77,78,79,80,81,82,83,84
1,1,1,2,3,4,5,6,7,8,9,10,11,12,13,14,15,16,17,18,19,20,21,22,23,24,25,26,27,28,29,30,31,32,33,34,35,36,37,38,39,40,41,42,43,44,45,46,47,48,49,50,51,52,53,54,55,56,57,58,59,60,61,62,63,64,65,66,67,68,69,70,71,72,73,74,75,76,77,78,79,80,81,82,83,84
1,1,1,2,3,4,5,6,7,8,9,10,11,12,13,14,15,16,17,18,19,20,21,22,23,24,25,26,27,28,29,30,31,32,33,34,35,36,37,38,39,40,41,42,43,44,45,46,47,48,49,50,51,52,53,54,55,56,57,58,59,60,61,62,63,64,65,66,67,68,69,70,71,72,73,74,75,76,77,78,79,80,81,82,83,84
1,1,1,2,3,4,5,6,7,8,9,10,11,12,13,14,15,16,17,18,19,20,21,22,23,24,25,26,27,28,29,30,31,32,33,34,35,36,37,38,39,40,41,42,43,44,45,46,47,48,49,50,51,52,53,54,55,56,57,58,59,60,61,62,63,64,65,66,67,68,69,70,71,72,73,74,75,76,77,78,79,80,81,82,83,84
1,1,1,2,3,4,5,6,7,8,9,10,11,12,13,14,15,16,17,18,19,20,21,22,23,24,25,26,27,28,29,30,31,32,33,34,35,36,37,38,39,40,41,42,43,44,45,46,47,48,49,50,51,52,53,54,55,56,57,58,59,60,61,62,63,64,65,66,67,68,69,70,71,72,73,74,75,76,77,78,79,80,81,82,83,84
1,1,1,2,3,4,5,6,7,8,9,10,11,12,13,14,15,16,17,18,19,20,21,22,23,24,25,26,27,28,29,30,31,32,33,34,35,36,37,38,39,40,41,42,43,44,45,46,47,48,49,50,51,52,53,54,55,56,57,58,59,60,61,62,63,64,65,66,67,68,69,70,71,72,73,74,75,76,77,78,79,80,81,82,83,84
1,1,1,2,3,4,5,6,7,8,9,10,11,12,13,14,15,16,17,18,19,20,21,22,23,24,25,26,27,28,29,30,31,32,33,34,35,36,37,38,39,40,41,42,43,44,45,46,47,48,49,50,51,52,53,54,55,56,57,58,59,60,61,62,63,64,65,66,67,68,69,70,71,72,73,74,75,76,77,78,79,80,81,82,83,84
1,1,1,2,3,4,5,6,7,8,9,10,11,12,13,14,15,16,17,18,19,20,21,22,23,24,25,26,27,28,29,30,31,32,33,34,35,36,37,38,39,40,41,42,43,44,45,46,47,48,49,50,51,52,53,54,55,56,57,58,59,60,61,62,63,64,65,66,67,68,69,70,71,72,73,74,75,76,77,78,79,80,81,82,83,84
1,1,1,2,3,4,5,6,7,8,9,10,11,12,13,14,15,16,17,18,19,20,21,22,23,24,25,26,27,28,29,30,31,32,33,34,35,36,37,38,39,40,41,42,43,44,45,46,47,48,49,50,51,52,53,54,55,56,57,58,59,60,61,62,63,64,65,66,67,68,69,70,71,72,73,74,75,76,77,78,79,80,81,82,83,84
1,1,1,2,3,4,5,6,7,8,9,10,11,12,13,14,15,16,17,18,19,20,21,22,23,24,25,26,27,28,29,30,31,32,33,34,35,36,37,38,39,40,41,42,43,44,45,46,47,48,49,50,51,52,53,54,55,56,57,58,59,60,61,62,63,64,65,66,67,68,69,70,71,72,73,74,75,76,77,78,79,80,81,82,83,84
1,1,1,2,3,4,5,6,7,8,9,10,11,12,13,14,15,16,17,18,19,20,21,22,23,24,25,26,27,28,29,30,31,32,33,34,35,36,37,38,39,40,41,42,43,44,45,46,47,48,49,50,51,52,53,54,55,56,57,58,59,60,61,62,63,64,65,66,67,68,69,70,71,72,73,74,75,76,77,78,79,80,81,82,83,84
1,1,1,2,3,4,5,6,7,8,9,10,11,12,13,14,15,16,17,18,19,20,21,22,23,24,25,26,27,28,29,30,31,32,33,34,35,36,37,38,39,40,41,42,43,44,45,46,47,48,49,50,51,52,53,54,55,56,57,58,59,60,61,62,63,64,65,66,67,68,69,70,71,72,73,74,75,76,77,78,79,80,81,82,83,84
1,1,1,2,3,4,5,6,7,8,9,10,11,12,13,14,15,16,17,18,19,20,21,22,23,24,25,26,27,28,29,30,31,32,33,34,35,36,37,38,39,40,41,42,43,44,45,46,47,48,49,50,51,52,53,54,55,56,57,58,59,60,61,62,63,64,65,66,67,68,69,70,71,72,73,74,75,76,77,78,79,80,81,82,83,84
1,1,1,2,3,4,5,6,7,8,9,10,11,12,13,14,15,16,17,18,19,20,21,22,23,24,25,26,27,28,29,30,31,32,33,34,35,36,37,38,39,40,41,42,43,44,45,46,47,48,49,50,51,52,53,54,55,56,57,58,59,60,61,62,63,64,65,66,67,68,69,70,71,72,73,74,75,76,77,78,79,80,81,82,83,84
1,1,1,2,3,4,5,6,7,8,9,10,11,12,13,14,15,16,17,18,19,20,21,22,23,24,25,26,27,28,29,30,31,32,33,34,35,36,37,38,39,40,41,42,43,44,45,46,47,48,49,50,51,52,53,54,55,56,57,58,59,60,61,62,63,64,65,66,67,68,69,70,71,72,73,74,75,76,77,78,79,80,81,82,83,84
1,1,1,2,3,4,5,6,7,8,9,10,11,12,13,14,15,16,17,18,19,20,21,22,23,24,25,26,27,28,29,30,31,32,33,34,35,36,37,38,39,40,41,42,43,44,45,46,47,48,49,50,51,52,53,54,55,56,57,58,59,60,61,62,63,64,65,66,67,68,69,70,71,72,73,74,75,76,77,78,79,80,81,82,83,84
1,1,1,2,3,4,5,6,7,8,9,10,11,12,13,14,15,16,17,18,19,20,21,22,23,24,25,26,27,28,29,30,31,32,33,34,35,36,37,38,39,40,41,42,43,44,45,46,47,48,49,50,51,52,53,54,55,56,57,58,59,60,61,62,63,64,65,66,67,68,69,70,71,72,73,74,75,76,77,78,79,80,81,82,83,84
1,1,1,2,3,4,5,6,7,8,9,10,11,12,13,14,15,16,17,18,19,20,21,22,23,24,25,26,27,28,29,30,31,32,33,34,35,36,37,38,39,40,41,42,43,44,45,46,47,48,49,50,51,52,53,54,55,56,57,58,59,60,61,62,63,64,65,66,67,68,69,70,71,72,73,74,75,76,77,78,79,80,81,82,83,84
1,1,1,2,3,4,5,6,7,8,9,10,11,12,13,14,15,16,17,18,19,20,21,22,23,24,25,26,27,28,29,30,31,32,33,34,35,36,37,38,39,40,41,42,43,44,45,46,47,48,49,50,51,52,53,54,55,56,57,58,59,60,61,62,63,64,65,66,67,68,69,70,71,72,73,74,75,76,77,78,79,80,81,82,83,84
1,1,1,2,3,4,5,6,7,8,9,10,11,12,13,14,15,16,17,18,19,20,21,22,23,24,25,26,27,28,29,30,31,32,33,34,35,36,37,38,39,40,41,42,43,44,45,46,47,48,49,50,51,52,53,54,55,56,57,58,59,60,61,62,63,64,65,66,67,68,69,70,71,72,73,74,75,76,77,78,79,80,81,82,83,84
1,1,1,2,3,4,5,6,7,8,9,10,11,12,13,14,15,16,17,18,19,20,21,22,23,24,25,26,27,28,29,30,31,32,33,34,35,36,37,38,39,40,41,42,43,44,45,46,47,48,49,50,51,52,53,54,55,56,57,58,59,60,61,62,63,64,65,66,67,68,69,70,71,72,73,74,75,76,77,78,79,80,81,82,83,84
1,1,1,2,3,4,5,6,7,8,9,10,11,12,13,14,15,16,17,18,19,20,21,22,23,24,25,26,27,28,29,30,31,32,33,34,35,36,37,38,39,40,41,42,43,44,45,46,47,48,49,50,51,52,53,54,55,56,57,58,59,60,61,62,63,64,65,66,67,68,69,70,71,72,73,74,75,76,77,78,79,80,81,82,83,84
1,1,1,2,3,4,5,6,7,8,9,10,11,12,13,14,15,16,17,18,19,20,21,22,23,24,25,26,27,28,29,30,31,32,33,34,35,36,37,38,39,40,41,42,43,44,45,46,47,48,49,50,51,52,53,54,55,56,57,58,59,60,61,62,63,64,65,66,67,68,69,70,71,72,73,74,75,76,77,78,79,80,81,82,83,84
1,1,1,2,3,4,5,6,7,8,9,10,11,12,13,14,15,16,17,18,19,20,21,22,23,24,25,26,27,28,29,30,31,32,33,34,35,36,37,38,39,40,41,42,43,44,45,46,47,48,49,50,51,52,53,54,55,56,57,58,59,60,61,62,63,64,65,66,67,68,69,70,71,72,73,74,75,76,77,78,79,80,81,82,83,84
